timestamp,file,line,control,handler,event,ms
2026-09-17T10:22:23.013,gui2/main.py,217,Page,App.on_keyboard,keyboard_event,0.0
2026-09-17T10:22:23.015,gui2/main.py,217,Page,App.on_keyboard,keyboard_event,0.0
2026-09-17T10:22:23.016,gui2/main.py,217,Page,App.on_keyboard,keyboard_event,0.0
2026-09-17T10:22:23.017,gui2/main.py,217,Page,App.on_keyboard,keyboard_event,0.0
2026-09-17T10:22:23.042,gui2/pass2_add_view.py,315,TextField,Pass2AddView._disable_id_field_autofocus,blur,0.0
2026-09-17T10:22:23.075,gui2/main.py,300,Tabs,App._on_tab_activated,click,1623.8
2026-09-17T10:22:23.165,gui2/main.py,300,Tabs,App._on_tab_activated,change,185.1
2026-09-17T10:22:23.456,gui2/pass2_add_view.py,448,TextField,Pass2AddView._click_edit_headword,submit,438.3
2026-09-17T10:22:23.709,gui2/main.py,328,(app),App._warmup_in_background,(run_thread),4230.6
2026-09-17T10:22:26.751,gui2/dpd_fields_meaning.py,146,DpdTextField,DpdMeaningField._handle_on_focus,focus,36.6
2026-09-17T10:22:26.855,gui2/main.py,217,Page,App.on_keyboard,keyboard_event,0.0
2026-09-17T10:22:26.930,gui2/dpd_fields_meaning.py,155,DpdTextField,DpdMeaningField._handle_on_blur,blur,72.4
2026-09-17T10:22:27.429,gui2/dpd_fields_meaning.py,146,DpdTextField,DpdMeaningField._handle_on_focus,focus,44.3
2026-09-17T10:22:27.466,gui2/dpd_fields_meaning.py,155,DpdTextField,DpdMeaningField._handle_on_blur,blur,36.7
2026-09-17T10:22:27.573,gui2/main.py,217,Page,App.on_keyboard,keyboard_event,0.0
2026-09-17T10:22:27.613,gui2/dpd_fields_meaning.py,146,DpdTextField,DpdMeaningField._handle_on_focus,focus,39.0
2026-09-17T10:22:27.823,gui2/main.py,217,Page,App.on_keyboard,keyboard_event,0.0
2026-09-17T10:22:27.844,gui2/dpd_fields_meaning.py,155,DpdTextField,DpdMeaningField._handle_on_blur,blur,36.3
2026-09-17T10:22:35.008,gui2/main.py,318,(app),App._initialize_db_in_background,(run_thread),15531.5
2026-09-17T10:23:02.205,gui2/pass2_add_view.py,324,ElevatedButton,Pass2AddView._update_count_tooltip,hover,0.3
2026-09-17T10:23:02.688,gui2/pass2_add_view.py,324,ElevatedButton,Pass2AddView._update_count_tooltip,hover,0.0
2026-09-17T10:23:02.696,gui2/pass2_add_view.py,324,ElevatedButton,Pass2AddView._update_count_tooltip,hover,0.2
2026-09-17T10:23:02.736,gui2/pass2_add_view.py,324,ElevatedButton,Pass2AddView._update_count_tooltip,hover,0.0
2026-09-17T10:23:03.099,gui2/pass2_add_view.py,324,ElevatedButton,Pass2AddView._update_count_tooltip,hover,3.0
2026-09-17T10:23:03.113,gui2/pass2_add_view.py,324,ElevatedButton,Pass2AddView._update_count_tooltip,hover,0.0
2026-09-17T10:23:03.636,gui2/pass2_add_view.py,625,ElevatedButton,Pass2AddView._click_clear_all,click,114.3
2026-09-17T10:23:03.874,gui2/pass2_add_view.py,324,ElevatedButton,Pass2AddView._update_count_tooltip,hover,1.4
2026-09-17T10:23:03.874,gui2/pass2_add_view.py,324,ElevatedButton,Pass2AddView._update_count_tooltip,hover,0.0
2026-09-17T10:23:03.875,gui2/pass2_add_view.py,324,ElevatedButton,Pass2AddView._update_count_tooltip,hover,0.0
2026-09-17T10:23:03.876,gui2/pass2_add_view.py,324,ElevatedButton,Pass2AddView._update_count_tooltip,hover,0.0
2026-09-17T10:23:03.875,gui2/pass2_add_view.py,324,ElevatedButton,Pass2AddView._update_count_tooltip,hover,1.3
2026-09-17T10:23:03.875,gui2/pass2_add_view.py,324,ElevatedButton,Pass2AddView._update_count_tooltip,hover,0.5
2026-09-17T10:23:03.876,gui2/pass2_add_view.py,324,ElevatedButton,Pass2AddView._update_count_tooltip,hover,0.0
2026-09-17T10:23:03.876,gui2/pass2_add_view.py,324,ElevatedButton,Pass2AddView._update_count_tooltip,hover,0.2
2026-09-17T10:23:03.877,gui2/pass2_add_view.py,324,ElevatedButton,Pass2AddView._update_count_tooltip,hover,0.1
2026-09-17T10:23:03.877,gui2/pass2_add_view.py,324,ElevatedButton,Pass2AddView._update_count_tooltip,hover,0.1
2026-09-17T10:23:03.877,gui2/pass2_add_view.py,324,ElevatedButton,Pass2AddView._update_count_tooltip,hover,0.0
2026-09-17T10:23:04.513,gui2/pass2_add_view.py,596,ElevatedButton,Pass2AddView._click_load_pass2_auto,click,165.7
2026-09-17T10:23:05.384,gui2/pass2_add_view.py,324,ElevatedButton,Pass2AddView._update_count_tooltip,hover,0.0
2026-09-17T10:23:05.392,gui2/pass2_add_view.py,324,ElevatedButton,Pass2AddView._update_count_tooltip,hover,0.2
2026-09-17T10:23:06.697,gui2/pass2_add_view.py,324,ElevatedButton,Pass2AddView._update_count_tooltip,hover,0.0
2026-09-17T10:23:06.713,gui2/pass2_add_view.py,324,ElevatedButton,Pass2AddView._update_count_tooltip,hover,0.2
2026-09-17T10:23:06.891,gui2/pass2_add_view.py,324,ElevatedButton,Pass2AddView._update_count_tooltip,hover,0.0
2026-09-17T10:23:06.928,gui2/pass2_add_view.py,324,ElevatedButton,Pass2AddView._update_count_tooltip,hover,0.2
2026-09-17T10:23:06.994,gui2/pass2_add_view.py,324,ElevatedButton,Pass2AddView._update_count_tooltip,hover,0.0
2026-09-17T10:23:07.003,gui2/pass2_add_view.py,324,ElevatedButton,Pass2AddView._update_count_tooltip,hover,0.2
2026-09-17T10:23:08.273,gui2/pass2_add_view.py,324,ElevatedButton,Pass2AddView._update_count_tooltip,hover,0.0
2026-09-17T10:23:08.298,gui2/pass2_add_view.py,324,ElevatedButton,Pass2AddView._update_count_tooltip,hover,0.1
2026-09-17T10:23:08.625,gui2/pass2_add_view.py,324,ElevatedButton,Pass2AddView._update_count_tooltip,hover,0.0
2026-09-17T10:23:08.633,gui2/pass2_add_view.py,324,ElevatedButton,Pass2AddView._update_count_tooltip,hover,0.2
2026-09-17T10:23:08.769,gui2/pass2_add_view.py,324,ElevatedButton,Pass2AddView._update_count_tooltip,hover,0.0
2026-09-17T10:23:08.781,gui2/pass2_add_view.py,324,ElevatedButton,Pass2AddView._update_count_tooltip,hover,0.3
2026-09-17T10:23:09.128,gui2/pass2_add_view.py,324,ElevatedButton,Pass2AddView._update_count_tooltip,hover,0.0
2026-09-17T10:23:09.159,gui2/pass2_add_view.py,324,ElevatedButton,Pass2AddView._update_count_tooltip,hover,0.2
2026-09-17T10:23:09.347,gui2/pass2_add_view.py,324,ElevatedButton,Pass2AddView._update_count_tooltip,hover,0.0
2026-09-17T10:23:09.352,gui2/pass2_add_view.py,324,ElevatedButton,Pass2AddView._update_count_tooltip,hover,0.4
2026-09-17T10:23:09.386,gui2/pass2_add_view.py,324,ElevatedButton,Pass2AddView._update_count_tooltip,hover,0.0
2026-09-17T10:23:09.616,gui2/pass2_add_view.py,324,ElevatedButton,Pass2AddView._update_count_tooltip,hover,0.3
2026-09-17T10:23:10.155,gui2/pass2_add_view.py,1131,ElevatedButton,Pass2AddView._click_x_button,click,210.4
2026-09-17T10:23:11.401,gui2/main.py,217,Page,App.on_keyboard,keyboard_event,66.7
2026-09-17T10:23:11.406,gui2/pass2_add_view.py,324,ElevatedButton,Pass2AddView._update_count_tooltip,hover,0.0
2026-09-17T10:23:12.078,gui2/main.py,217,Page,App.on_keyboard,keyboard_event,0.0
2026-09-17T10:23:12.748,gui2/main.py,217,Page,App.on_keyboard,keyboard_event,0.0
2026-09-17T10:23:12.909,gui2/main.py,217,Page,App.on_keyboard,keyboard_event,0.0
2026-09-17T10:23:13.135,gui2/main.py,217,Page,App.on_keyboard,keyboard_event,0.0
2026-09-17T10:23:14.872,gui2/translations_view.py,122,TextField,TranslationsView.search_clicked,submit,1736.3
2026-09-17T10:23:20.874,gui2/main.py,217,Page,App.on_keyboard,keyboard_event,0.0
2026-09-17T10:23:21.433,gui2/main.py,300,Tabs,App._on_tab_activated,click,0.0
2026-09-17T10:23:21.789,gui2/main.py,300,Tabs,App._on_tab_activated,change,38.2
2026-09-17T10:23:22.753,gui2/main.py,217,Page,App.on_keyboard,keyboard_event,0.0
2026-09-17T10:23:23.581,gui2/main.py,217,Page,App.on_keyboard,keyboard_event,0.0
2026-09-17T10:23:23.619,gui2/dpd_fields.py,733,DpdTextField,DpdFields.id_submit,submit,36.6
2026-09-17T10:23:24.209,gui2/main.py,217,Page,App.on_keyboard,keyboard_event,0.0
2026-09-17T10:23:24.780,gui2/dpd_fields.py,740,DpdTextField,DpdFields.lemma_1_change,blur,36.3
2026-09-17T10:23:24.854,gui2/dpd_fields.py,804,DpdTextField,DpdFields.lemma_2_blur,blur,52.6
2026-09-17T10:23:24.939,gui2/dpd_fields.py,824,DpdDropdown,DpdFields.pos_blur,blur,77.3
2026-09-17T10:23:24.952,gui2/dpd_fields.py,865,DpdTextField,DpdFields.grammar_blur,blur,0.0
2026-09-17T10:23:25.461,gui2/main.py,217,Page,App.on_keyboard,keyboard_event,0.0
2026-09-17T10:23:25.866,gui2/main.py,217,Page,App.on_keyboard,keyboard_event,0.0
2026-09-17T10:23:26.083,gui2/main.py,217,Page,App.on_keyboard,keyboard_event,0.0
2026-09-17T10:23:26.301,gui2/main.py,217,Page,App.on_keyboard,keyboard_event,0.0
2026-09-17T10:23:26.303,gui2/dpd_fields.py,885,DpdDropdown,DpdFields.trans_blur,blur,0.0
2026-09-17T10:23:26.497,gui2/main.py,217,Page,App.on_keyboard,keyboard_event,0.0
2026-09-17T10:23:26.688,gui2/main.py,217,Page,App.on_keyboard,keyboard_event,0.0
2026-09-17T10:23:26.866,gui2/main.py,217,Page,App.on_keyboard,keyboard_event,0.0
2026-09-17T10:23:27.113,gui2/main.py,217,Page,App.on_keyboard,keyboard_event,0.0
2026-09-17T10:23:30.047,gui2/main.py,217,Page,App.on_keyboard,keyboard_event,0.0
2026-09-17T10:23:30.756,gui2/main.py,217,Page,App.on_keyboard,keyboard_event,0.0
2026-09-17T10:23:30.919,gui2/main.py,217,Page,App.on_keyboard,keyboard_event,0.0
2026-09-17T10:23:32.337,gui2/pass2_add_view.py,315,TextField,Pass2AddView._disable_id_field_autofocus,blur,0.0
2026-09-17T10:23:38.138,gui2/pass2_add_view.py,315,TextField,Pass2AddView._disable_id_field_autofocus,blur,0.0
2026-09-17T10:23:38.382,gui2/pass2_add_view.py,508,ElevatedButton,Pass2AddView._click_clone_headword,click,125.7
2026-09-17T10:23:39.724,gui2/dpd_fields_meaning.py,146,DpdTextField,DpdMeaningField._handle_on_focus,focus,34.5
2026-09-17T10:23:40.401,gui2/main.py,217,Page,App.on_keyboard,keyboard_event,0.0
2026-09-17T10:23:40.553,gui2/dpd_fields_meaning.py,155,DpdTextField,DpdMeaningField._handle_on_blur,blur,148.3
2026-09-17T10:23:41.007,gui2/dpd_fields_meaning.py,146,DpdTextField,DpdMeaningField._handle_on_focus,focus,36.0
2026-09-17T10:23:41.096,gui2/main.py,217,Page,App.on_keyboard,keyboard_event,0.0
2026-09-17T10:23:41.137,gui2/dpd_fields_meaning.py,155,DpdTextField,DpdMeaningField._handle_on_blur,blur,37.0
2026-09-17T10:23:41.668,gui2/dpd_fields_meaning.py,146,DpdTextField,DpdMeaningField._handle_on_focus,focus,35.9
2026-09-17T10:23:41.709,gui2/dpd_fields_meaning.py,155,DpdTextField,DpdMeaningField._handle_on_blur,blur,43.1
2026-09-17T10:23:41.770,gui2/dpd_fields.py,1090,DpdDropdown,DpdFields.root_key_change,focus,41.4
2026-09-17T10:23:41.918,gui2/main.py,217,Page,App.on_keyboard,keyboard_event,0.0
2026-09-17T10:23:41.962,gui2/dpd_fields.py,1090,DpdDropdown,DpdFields.root_key_change,blur,40.6
2026-09-17T10:23:42.142,gui2/main.py,217,Page,App.on_keyboard,keyboard_event,0.0
2026-09-17T10:23:42.365,gui2/main.py,217,Page,App.on_keyboard,keyboard_event,0.0
2026-09-17T10:23:42.404,gui2/dpd_fields.py,1115,DpdTextField,DpdFields.root_sign_change,focus,34.9
2026-09-17T10:23:42.675,gui2/main.py,217,Page,App.on_keyboard,keyboard_event,0.0
2026-09-17T10:23:42.713,gui2/dpd_fields.py,1115,DpdTextField,DpdFields.root_sign_change,blur,37.0
2026-09-17T10:23:42.807,gui2/dpd_fields.py,1104,DpdTextField,DpdFields.root_sign_submit,submit,125.5
2026-09-17T10:23:42.860,gui2/dpd_fields.py,1115,DpdTextField,DpdFields.root_sign_change,focus,37.5
2026-09-17T10:23:43.186,gui2/main.py,217,Page,App.on_keyboard,keyboard_event,0.0
2026-09-17T10:23:43.226,gui2/dpd_fields.py,1115,DpdTextField,DpdFields.root_sign_change,blur,37.5
2026-09-17T10:23:43.418,gui2/main.py,217,Page,App.on_keyboard,keyboard_event,0.0
2026-09-17T10:23:43.778,gui2/main.py,217,Page,App.on_keyboard,keyboard_event,0.0
2026-09-17T10:23:44.034,gui2/main.py,217,Page,App.on_keyboard,keyboard_event,0.0
2026-09-17T10:23:44.153,gui2/dpd_fields.py,1128,DpdTextField,DpdFields.root_base_submit,submit,117.7
2026-09-17T10:23:44.763,gui2/main.py,217,Page,App.on_keyboard,keyboard_event,0.0
2026-09-17T10:23:44.994,gui2/main.py,217,Page,App.on_keyboard,keyboard_event,0.0
2026-09-17T10:23:45.156,gui2/main.py,217,Page,App.on_keyboard,keyboard_event,0.0
2026-09-17T10:23:45.196,gui2/dpd_fields.py,1150,DpdTextField,DpdFields.family_root_blur,blur,37.5
2026-09-17T10:23:45.376,gui2/main.py,217,Page,App.on_keyboard,keyboard_event,0.0
2026-09-17T10:23:45.413,gui2/dpd_fields.py,1196,DpdTextField,DpdFields.family_word_change,focus,33.9
2026-09-17T10:23:45.563,gui2/main.py,217,Page,App.on_keyboard,keyboard_event,0.0
2026-09-17T10:23:45.776,gui2/main.py,217,Page,App.on_keyboard,keyboard_event,0.0
2026-09-17T10:23:45.815,gui2/dpd_fields.py,1233,DpdTextField,DpdFields.family_compound_focus,focus,35.0
2026-09-17T10:23:45.990,gui2/main.py,217,Page,App.on_keyboard,keyboard_event,0.0
2026-09-17T10:23:46.032,gui2/dpd_fields.py,1251,DpdTextField,DpdFields.family_compound_change,blur,39.0
2026-09-17T10:23:46.179,gui2/main.py,217,Page,App.on_keyboard,keyboard_event,0.0
2026-09-17T10:23:46.220,gui2/dpd_fields.py,1267,DpdTextField,DpdFields.family_idioms_focus,focus,38.9
2026-09-17T10:23:46.422,gui2/main.py,217,Page,App.on_keyboard,keyboard_event,0.0
2026-09-17T10:23:46.665,gui2/main.py,217,Page,App.on_keyboard,keyboard_event,0.0
2026-09-17T10:23:46.744,gui2/dpd_fields.py,1442,DpdTextField,DpdFields.construction_focus,focus,74.4
2026-09-17T10:23:46.893,gui2/main.py,217,Page,App.on_keyboard,keyboard_event,0.0
2026-09-17T10:23:46.895,gui2/dpd_fields.py,1517,DpdTextField,DpdFields.construction_blur,blur,0.0
2026-09-17T10:23:48.940,gui2/main.py,217,Page,App.on_keyboard,keyboard_event,0.0
2026-09-17T10:23:49.475,gui2/dpd_fields.py,1442,DpdTextField,DpdFields.construction_focus,focus,72.8
2026-09-17T10:23:50.461,gui2/main.py,217,Page,App.on_keyboard,keyboard_event,0.0
2026-09-17T10:23:50.464,gui2/dpd_fields.py,1499,DpdTextField,DpdFields.construction_change,change,0.0
2026-09-17T10:23:50.779,gui2/main.py,217,Page,App.on_keyboard,keyboard_event,0.0
2026-09-17T10:23:50.784,gui2/dpd_fields.py,1517,DpdTextField,DpdFields.construction_blur,blur,0.0
2026-09-17T10:23:51.466,gui2/dpd_fields.py,902,DpdTextField,DpdFields.phonetic_focus,focus,3.1
2026-09-17T10:23:51.678,gui2/main.py,217,Page,App.on_keyboard,keyboard_event,0.0
2026-09-17T10:23:51.760,gui2/dpd_fields.py,894,DpdDropdown,DpdFields.compound_type_blur,blur,78.9
2026-09-17T10:23:51.798,gui2/dpd_fields_compound_construction.py,104,DpdTextField,DpdCompoundConstructionField.compound_construction_focus,focus,37.5
2026-09-17T10:23:52.118,gui2/main.py,217,Page,App.on_keyboard,keyboard_event,0.0
2026-09-17T10:23:52.715,gui2/main.py,217,Page,App.on_keyboard,keyboard_event,0.0
2026-09-17T10:23:53.915,gui2/main.py,217,Page,App.on_keyboard,keyboard_event,0.0
2026-09-17T10:23:54.450,gui2/dpd_fields_examples.py,575,DpdTextField,DpdExampleField.update_counter,focus,0.0
2026-09-17T10:23:54.541,gui2/dpd_fields_examples.py,315,TextField,DpdExampleField._handle_last_control_blur,blur,0.0
2026-09-17T10:23:55.786,gui2/dpd_fields.py,962,DpdTextField,DpdFields.sanskrit_focus,focus,0.0
2026-09-17T10:23:56.380,gui2/main.py,217,Page,App.on_keyboard,keyboard_event,0.0
2026-09-17T10:23:56.382,gui2/dpd_fields.py,943,DpdTextField,DpdFields.sanskrit_blur,blur,0.0
2026-09-17T10:23:57.472,gui2/dpd_fields.py,970,DpdTextField,DpdFields.sanskrit_submit,submit,1090.5
2026-09-17T10:23:59.346,gui2/dpd_fields.py,962,DpdTextField,DpdFields.sanskrit_focus,focus,0.0
2026-09-17T10:24:01.071,gui2/main.py,217,Page,App.on_keyboard,keyboard_event,0.0
2026-09-17T10:24:02.299,gui2/main.py,217,Page,App.on_keyboard,keyboard_event,0.0
2026-09-17T10:24:02.303,gui2/dpd_fields.py,943,DpdTextField,DpdFields.sanskrit_blur,blur,0.0
2026-09-17T10:24:02.792,gui2/main.py,217,Page,App.on_keyboard,keyboard_event,0.0
2026-09-17T10:24:03.609,gui2/main.py,217,Page,App.on_keyboard,keyboard_event,35.7
2026-09-17T10:24:04.487,gui2/main.py,217,Page,App.on_keyboard,keyboard_event,0.0
2026-09-17T10:24:04.659,gui2/main.py,217,Page,App.on_keyboard,keyboard_event,0.0
2026-09-17T10:24:04.814,gui2/main.py,217,Page,App.on_keyboard,keyboard_event,0.0
2026-09-17T10:24:05.058,gui2/main.py,217,Page,App.on_keyboard,keyboard_event,0.0
2026-09-17T10:24:05.184,gui2/wordfinder_popup.py,90,TextField,WordFinderPopup._handle_search,submit,124.8
2026-09-17T10:24:10.163,gui2/wordfinder_popup.py,196,TextButton,WordFinderPopup._handle_close,click,34.8
2026-09-17T10:24:10.523,gui2/main.py,217,Page,App.on_keyboard,keyboard_event,0.0
2026-09-17T10:24:11.058,gui2/dpd_fields_examples.py,575,DpdTextField,DpdExampleField.update_counter,focus,0.0
2026-09-17T10:24:11.267,gui2/dpd_fields_examples.py,315,TextField,DpdExampleField._handle_last_control_blur,blur,0.0
2026-09-17T10:24:11.479,gui2/dpd_fields_examples.py,575,DpdTextField,DpdExampleField.update_counter,focus,0.0
2026-09-17T10:24:11.575,gui2/dpd_fields_examples.py,315,TextField,DpdExampleField._handle_last_control_blur,blur,0.0
2026-09-17T10:24:11.661,gui2/dpd_fields.py,1285,DpdTextField,DpdFields.clean_pali_field,blur,0.0
2026-09-17T10:24:11.704,gui2/dpd_fields.py,1300,DpdTextField,DpdFields.synonym_focus,focus,0.0
2026-09-17T10:24:11.727,gui2/dpd_fields.py,1285,DpdTextField,DpdFields.clean_pali_field,blur,0.0
2026-09-17T10:24:11.896,gui2/dpd_fields.py,1428,DpdTextField,DpdFields.var_phonetic_blur,blur,53.2
2026-09-17T10:24:11.933,gui2/dpd_fields.py,1360,DpdTextField,DpdFields.var_phonetic_focus,focus,147.6
2026-09-17T10:24:12.074,gui2/main.py,217,Page,App.on_keyboard,keyboard_event,0.0
2026-09-17T10:24:12.079,gui2/dpd_fields.py,1285,DpdTextField,DpdFields.clean_pali_field,blur,0.0
2026-09-17T10:24:12.578,gui2/dpd_fields.py,1076,DpdTextField,DpdFields.commentary_focus,focus,0.0
2026-09-17T10:24:12.610,gui2/dpd_fields_commentary.py,342,DpdTextField,DpdCommentaryField._handle_field_blur,blur,0.3
2026-09-17T10:24:12.737,gui2/dpd_fields.py,687,DpdTextField,DpdFields._handle_generic_spell_check,blur,38.2
2026-09-17T10:24:13.526,gui2/dpd_fields_commentary.py,139,IconButton,DpdCommentaryField._toggle_tools_visibility,click,35.5
2026-09-17T10:24:13.540,gui2/dpd_fields_commentary.py,177,TextField,DpdCommentaryField._search_field_1_focus,focus,0.0
2026-09-17T10:24:14.173,gui2/main.py,217,Page,App.on_keyboard,keyboard_event,0.0
2026-09-17T10:24:14.406,gui2/main.py,217,Page,App.on_keyboard,keyboard_event,0.0
2026-09-17T10:24:14.679,gui2/main.py,217,Page,App.on_keyboard,keyboard_event,0.0
2026-09-17T10:24:14.683,gui2/dpd_fields.py,1076,DpdTextField,DpdFields.commentary_focus,focus,0.0
2026-09-17T10:24:15.608,gui2/main.py,217,Page,App.on_keyboard,keyboard_event,0.0
2026-09-17T10:24:15.646,gui2/dpd_fields_commentary.py,355,DpdTextField,DpdCommentaryField.clean_text,change,37.5
2026-09-17T10:24:16.143,gui2/dpd_fields_commentary.py,355,DpdTextField,DpdCommentaryField.clean_text,change,34.8
2026-09-17T10:24:16.179,gui2/dpd_fields_commentary.py,355,DpdTextField,DpdCommentaryField.clean_text,change,35.7
2026-09-17T10:24:16.215,gui2/dpd_fields_commentary.py,355,DpdTextField,DpdCommentaryField.clean_text,change,35.9
2026-09-17T10:24:16.259,gui2/dpd_fields_commentary.py,355,DpdTextField,DpdCommentaryField.clean_text,change,38.0
2026-09-17T10:24:16.289,gui2/dpd_fields_commentary.py,355,DpdTextField,DpdCommentaryField.clean_text,change,35.3
2026-09-17T10:24:16.327,gui2/dpd_fields_commentary.py,355,DpdTextField,DpdCommentaryField.clean_text,change,36.9
2026-09-17T10:24:16.377,gui2/dpd_fields_commentary.py,355,DpdTextField,DpdCommentaryField.clean_text,change,34.6
2026-09-17T10:24:16.402,gui2/dpd_fields_commentary.py,355,DpdTextField,DpdCommentaryField.clean_text,change,40.1
2026-09-17T10:24:16.436,gui2/dpd_fields_commentary.py,355,DpdTextField,DpdCommentaryField.clean_text,change,68.8
2026-09-17T10:24:16.472,gui2/dpd_fields_commentary.py,355,DpdTextField,DpdCommentaryField.clean_text,change,35.6
2026-09-17T10:24:16.821,gui2/main.py,217,Page,App.on_keyboard,keyboard_event,0.0
2026-09-17T10:24:16.825,gui2/dpd_fields_commentary.py,342,DpdTextField,DpdCommentaryField._handle_field_blur,blur,0.0
2026-09-17T10:24:17.360,gui2/dpd_fields_commentary.py,177,TextField,DpdCommentaryField._search_field_1_focus,focus,0.0
2026-09-17T10:24:17.523,gui2/dpd_fields_commentary.py,158,ElevatedButton,DpdCommentaryField._handle_last_control_blur,blur,38.6
2026-09-17T10:24:17.545,gui2/dpd_fields.py,1076,DpdTextField,DpdFields.commentary_focus,focus,0.0
2026-09-17T10:24:17.562,gui2/dpd_fields.py,687,DpdTextField,DpdFields._handle_generic_spell_check,blur,38.2
2026-09-17T10:24:17.562,gui2/dpd_fields_commentary.py,342,DpdTextField,DpdCommentaryField._handle_field_blur,blur,0.0
2026-09-17T10:24:17.677,gui2/dpd_fields.py,687,DpdTextField,DpdFields._handle_generic_spell_check,blur,38.3
2026-09-17T10:24:17.915,gui2/dpd_fields_family_set.py,83,DpdTextField,DpdFamilySetField._handle_blur,blur,35.8
2026-09-17T10:24:18.070,gui2/dpd_fields.py,1490,DpdTextField,DpdFields.origin_blur,blur,37.2
2026-09-17T10:24:18.127,gui2/dpd_fields.py,1636,DpdTextField,DpdFields.stem_blur,blur,33.9
2026-09-17T10:24:18.167,gui2/dpd_fields.py,1657,DpdTextField,DpdFields.pattern_change,focus,39.3
2026-09-17T10:24:18.997,gui2/pass2_add_view.py,748,ElevatedButton,Pass2AddView._click_run_tests,click,131.8
2026-09-17T10:24:20.121,gui2/pass2_add_view.py,789,ElevatedButton,Pass2AddView._click_add_to_db,click,496.0
2026-09-17T10:24:37.255,gui2/main.py,217,Page,App.on_keyboard,keyboard_event,35.1
